TransactionID,CustomerID,Age,Gender,ProductCategory,PaymentType,Amount,TransactionDate
T00001,C1000,56,Female,Electronics,Cash,2910.35,2024-12-02
T00002,C1084,69,Female,Electronics,Credit Card,11460.46,2024-12-21
T00003,C1000,46,Female,Sports,Credit Card,3786.88,2025-05-19
T00004,C1089,32,Other,Home Decor,Wallet,5645.0,2024-12-15
T00005,C1029,60,Female,Home Decor,Cash,4452.33,2025-02-06
T00006,C1089,25,Female,Toys,UPI,3738.47,2025-04-13
T00007,C1099,38,Female,Groceries,UPI,16531.65,2024-11-18
T00008,C1048,56,Male,Toys,Cash,5785.58,2025-09-26
T00009,C1015,36,Male,Sports,Wallet,18549.76,2025-09-01
T00010,C1036,40,Female,Toys,Debit Card,19401.54,2025-03-18
T00011,C1058,28,Female,Sports,Credit Card,11468.08,2024-11-15
T00012,C1033,28,Female,Home Decor,Wallet,2945.72,2025-02-22
T00013,C1057,41,Male,Groceries,Cash,7553.51,2025-05-24
T00014,C1088,53,Female,Toys,Credit Card,15974.87,2025-02-01
T00015,C1073,57,Male,Electronics,UPI,7411.08,2025-03-09
T00016,C1019,41,Male,Clothing,Debit Card,1831.64,2025-08-02
T00017,C1021,20,Female,Books,UPI,11180.02,2025-10-04
T00018,C1072,39,Female,Electronics,Cash,16917.9,2025-07-23
T00019,C1035,19,Female,Home Decor,Credit Card,15938.94,2025-02-26
T00020,C1045,41,Female,Books,Cash,3584.95,2024-11-24
T00021,C1046,61,Male,Clothing,Credit Card,13488.02,2025-08-18
T00022,C1070,47,Female,Clothing,Wallet,4488.03,2025-01-11
T00023,C1063,55,Male,Groceries,Debit Card,4442.33,2024-11-23
T00024,C1062,19,Female,Books,Wallet,17494.03,2025-01-20
T00025,C1091,38,Female,Groceries,Wallet,5068.41,2025-04-10
T00026,C1053,50,Female,Electronics,Cash,5338.62,2025-04-07
T00027,C1099,29,Female,Sports,Debit Card,113.0,2025-06-11
T00028,C1031,39,Female,Sports,Credit Card,17426.31,2025-09-05
T00029,C1049,61,Female,Sports,Credit Card,15872.64,2025-07-27
T00030,C1019,42,Male,Books,UPI,12583.85,2025-09-20
T00031,C1062,66,Male,Sports,Credit Card,15030.29,2025-05-01
T00032,C1042,44,Male,Electronics,Cash,3125.77,2025-04-12
T00033,C1094,59,Male,Groceries,Wallet,9220.64,2025-09-26
T00034,C1068,45,Female,Books,Wallet,7089.27,2025-08-04
T00035,C1075,33,Female,Groceries,Wallet,1966.15,2025-02-19
T00036,C1096,32,Male,Books,Debit Card,9774.0,2025-08-22
T00037,C1039,64,Male,Groceries,Credit Card,18422.72,2025-09-20
T00038,C1047,68,Male,Clothing,Cash,897.18,2025-07-05
T00039,C1070,61,Female,Groceries,Debit Card,5900.07,2024-11-21
T00040,C1100,69,Female,Sports,UPI,4230.06,2025-01-24
T00041,C1018,20,Male,Clothing,Cash,4839.12,2025-01-26
T00042,C1052,54,Female,Groceries,Cash,18177.85,2025-08-30
T00043,C1084,68,Female,Books,Cash,9414.57,2025-08-06
T00044,C1079,24,Male,Books,Wallet,9379.36,2025-10-29
T00045,C1062,38,Female,Books,Cash,15235.46,2025-02-24
T00046,C1031,26,Female,Home Decor,Credit Card,3174.39,2024-12-30
T00047,C1087,56,Male,Electronics,Cash,9796.58,2025-08-14
T00048,C1057,35,Male,Books,Wallet,8656.71,2024-12-15
T00049,C1059,21,Male,Clothing,Cash,11978.52,2025-07-01
T00050,C1076,42,Male,Books,UPI,19991.2,2025-09-19
T00051,C1098,31,Female,Home Decor,UPI,15412.03,2025-06-13
T00052,C1052,67,Female,Sports,Wallet,8017.53,2025-09-11
T00053,C1043,26,Male,Clothing,Credit Card,16568.31,2025-05-01
T00054,C1047,43,Male,Home Decor,Credit Card,3497.1,2024-12-21
T00055,C1004,19,Male,Sports,Debit Card,706.23,2025-04-17
T00056,C1005,37,Male,Toys,Wallet,4168.52,2025-09-12
T00057,C1049,45,Female,Toys,Cash,6874.19,2025-03-22
T00058,C1011,64,Male,Clothing,Wallet,10260.56,2025-10-15
T00059,C1098,24,Male,Groceries,Debit Card,12341.07,2024-12-28
T00060,C1080,61,Male,Electronics,Wallet,18221.05,2025-10-26
T00061,C1079,25,Female,Electronics,Wallet,10246.09,2025-04-01
T00062,C1036,64,Male,Home Decor,Debit Card,10075.39,2024-12-01
T00063,C1027,52,Female,Sports,Credit Card,1099.84,2025-08-11
T00064,C1009,31,Male,Electronics,Cash,794.74,2025-09-06
T00065,C1040,34,Female,Sports,Debit Card,11068.08,2025-03-31
T00066,C1054,53,Female,Sports,UPI,8819.75,2024-12-25
T00067,C1086,67,Male,Home Decor,Credit Card,16799.69,2025-04-09
T00068,C1085,57,Male,Home Decor,UPI,3297.52,2024-12-02
T00069,C1052,21,Female,Home Decor,Credit Card,596.94,2025-09-25
T00070,C1014,19,Female,Electronics,Cash,9035.87,2025-02-25
T00071,C1008,23,Male,Toys,Cash,4825.82,2025-08-17
T00072,C1058,59,Female,Home Decor,Wallet,1087.33,2025-08-03
T00073,C1000,21,Female,Electronics,UPI,14519.51,2025-07-11
T00074,C1088,46,Female,Home Decor,Credit Card,2320.7,2025-07-20
T00075,C1041,35,Male,Books,Cash,12205.56,2024-11-20
T00076,C1070,43,Female,Sports,Debit Card,5692.89,2025-01-31
T00077,C1001,61,Male,Home Decor,Cash,3552.57,2025-10-02
T00078,C1088,51,Female,Clothing,Debit Card,7657.06,2025-05-20
T00079,C1074,27,Male,Sports,Credit Card,16048.77,2025-10-22
T00080,C1064,53,Male,Sports,Cash,7902.66,2025-03-08
T00081,C1025,31,Male,Home Decor,Cash,15040.32,2024-12-07
T00082,C1035,48,Female,Toys,Credit Card,2597.18,2025-07-21
T00083,C1091,65,Male,Groceries,Cash,15478.15,2025-08-18
T00084,C1093,32,Male,Toys,Debit Card,4814.97,2025-06-16
T00085,C1024,25,Male,Home Decor,Cash,13580.12,2025-01-02
T00086,C1033,31,Female,Sports,UPI,11359.05,2025-03-24
T00087,C1056,40,Other,Clothing,Wallet,18589.98,2025-07-21
T00088,C1056,57,Male,Sports,Debit Card,7807.72,2025-01-22
T00089,C1076,38,Female,Toys,UPI,1416.69,2025-06-11
T00090,C1000,33,Female,Clothing,Credit Card,481.19,2025-02-12
T00091,C1083,62,Female,Electronics,Debit Card,16554.49,2024-12-19
T00092,C1014,35,Male,Books,Wallet,10542.24,2025-05-07
T00093,C1038,64,Male,Sports,Wallet,15527.36,2025-09-17
T00094,C1074,41,Male,Home Decor,Credit Card,4765.07,2025-03-21
T00095,C1012,43,Male,Electronics,Credit Card,6967.17,2025-01-15
T00096,C1083,42,Male,Books,Debit Card,699.07,2024-12-30
T00097,C1018,62,Female,Home Decor,Cash,19233.7,2025-04-02
T00098,C1042,58,Male,Groceries,Credit Card,13390.57,2025-10-27
T00099,C1001,46,Male,Home Decor,Cash,18670.78,2025-03-20
T00100,C1099,32,Female,Clothing,UPI,5383.38,2025-07-23
T00101,C1094,62,Male,Clothing,Wallet,12268.13,2025-10-23
T00102,C1070,18,Female,Groceries,Cash,13602.15,2025-04-21
T00103,C1093,42,Female,Electronics,Wallet,6419.24,2025-05-10
T00104,C1080,24,Male,Books,Cash,16977.37,2025-09-18
T00105,C1017,26,Female,Home Decor,UPI,18948.51,2025-01-03
T00106,C1028,41,Female,Clothing,Credit Card,17708.62,2025-10-21
T00107,C1080,18,Female,Electronics,UPI,14807.43,2025-06-16
T00108,C1092,61,Female,Groceries,Credit Card,5621.55,2025-03-13
T00109,C1069,25,Female,Toys,Credit Card,5704.16,2024-11-23
T00110,C1043,41,Female,Sports,Wallet,19270.87,2025-03-04
T00111,C1038,28,Male,Toys,UPI,304.66,2024-11-13
T00112,C1067,68,Male,Toys,Cash,14349.39,2025-01-27
T00113,C1072,34,Male,Clothing,UPI,14154.3,2025-06-01
T00114,C1035,25,Female,Groceries,Wallet,12491.52,2025-09-11
T00115,C1038,52,Male,Home Decor,Credit Card,19803.17,2025-09-07
T00116,C1018,52,Female,Toys,Wallet,6306.4,2024-11-28
T00117,C1074,50,Female,Toys,Debit Card,6865.44,2025-08-29
T00118,C1095,22,Female,Books,Debit Card,1670.89,2025-09-01
T00119,C1023,59,Other,Clothing,Cash,8911.68,2025-06-16
T00120,C1047,56,Female,Clothing,Wallet,5294.87,2025-04-28
T00121,C1023,58,Female,Home Decor,Cash,6933.4,2024-12-11
T00122,C1078,45,Male,Sports,Cash,16707.98,2025-11-09
T00123,C1098,24,Female,Electronics,Debit Card,18716.14,2025-05-11
T00124,C1046,26,Male,Books,Cash,3796.09,2025-05-16
T00125,C1091,25,Male,Clothing,Debit Card,7512.93,2025-02-18
T00126,C1017,29,Female,Books,Credit Card,18579.75,2025-10-04
T00127,C1009,51,Female,Clothing,Wallet,1329.99,2025-07-31
T00128,C1027,50,Male,Books,Cash,1937.97,2025-02-22
T00129,C1020,65,Female,Groceries,Debit Card,3339.54,2025-07-17
T00130,C1024,40,Female,Toys,UPI,11944.74,2025-10-16
T00131,C1086,41,Female,Clothing,Cash,3094.4,2025-01-22
T00132,C1067,54,Female,Books,Credit Card,19364.72,2024-11-26
T00133,C1034,52,Female,Electronics,Credit Card,8989.62,2025-04-12
T00134,C1084,61,Other,Groceries,UPI,10080.21,2025-06-11
T00135,C1076,57,Female,Groceries,Debit Card,5008.51,2025-03-23
T00136,C1094,39,Female,Electronics,Cash,9472.11,2024-12-17
T00137,C1092,44,Other,Books,Debit Card,13272.08,2025-09-19
T00138,C1016,52,Female,Home Decor,Credit Card,15048.43,2025-04-01
T00139,C1072,18,Male,Electronics,Debit Card,15101.97,2025-11-01
T00140,C1100,52,Male,Books,Credit Card,11600.03,2024-12-22
T00141,C1062,54,Male,Electronics,Debit Card,18096.76,2025-04-29
T00142,C1036,64,Male,Electronics,UPI,16366.42,2024-12-27
T00143,C1074,31,Female,Clothing,Wallet,15165.26,2025-08-26
T00144,C1089,20,Female,Books,UPI,1206.55,2025-01-21
T00145,C1080,18,Female,Home Decor,UPI,236.87,2025-03-25
T00146,C1097,22,Male,Toys,Wallet,4327.7,2025-04-05
T00147,C1031,43,Female,Clothing,Wallet,13304.12,2025-04-16
T00148,C1098,31,Female,Electronics,Cash,8282.83,2025-02-27
T00149,C1084,56,Female,Toys,Cash,8107.88,2025-01-01
T00150,C1047,44,Female,Sports,UPI,17703.28,2024-11-21
T00151,C1041,26,Female,Toys,UPI,17921.7,2025-02-27
T00152,C1030,32,Male,Electronics,Credit Card,18192.59,2025-01-19
T00153,C1029,32,Female,Electronics,Credit Card,6346.17,2025-04-06
T00154,C1006,43,Male,Books,Cash,13852.01,2025-06-05
T00155,C1089,59,Male,Books,Cash,5505.5,2025-04-30
T00156,C1017,30,Female,Clothing,Credit Card,3893.14,2025-08-22
T00157,C1042,68,Male,Home Decor,Credit Card,3774.19,2025-09-19
T00158,C1090,49,Female,Clothing,Debit Card,6907.94,2025-05-15
T00159,C1038,56,Male,Groceries,Debit Card,8656.16,2025-10-27
T00160,C1067,66,Female,Electronics,Credit Card,16635.89,2025-03-14
T00161,C1068,69,Male,Toys,Debit Card,2485.83,2025-02-17
T00162,C1097,49,Other,Sports,Wallet,14725.02,2025-05-10
T00163,C1014,21,Female,Electronics,Cash,10675.95,2025-01-17
T00164,C1082,47,Male,Electronics,Cash,5830.11,2025-03-17
T00165,C1004,54,Female,Clothing,Credit Card,9907.11,2025-09-05
T00166,C1076,40,Other,Sports,UPI,6068.85,2024-11-28
T00167,C1083,56,Male,Sports,Credit Card,11962.03,2025-02-18
T00168,C1036,62,Male,Sports,Debit Card,8733.49,2025-07-09
T00169,C1064,32,Female,Clothing,UPI,3371.67,2025-03-10
T00170,C1049,60,Female,Electronics,Debit Card,2420.0,2025-09-03
T00171,C1049,46,Female,Clothing,Wallet,10979.24,2025-01-06
T00172,C1025,53,Female,Books,Debit Card,18058.02,2025-05-07
T00173,C1082,30,Male,Books,Wallet,6944.76,2024-11-29
T00174,C1041,49,Male,Clothing,Wallet,14686.7,2025-02-03
T00175,C1052,24,Female,Sports,Debit Card,13207.36,2025-02-15
T00176,C1041,68,Male,Electronics,Debit Card,18637.94,2025-11-08
T00177,C1057,39,Male,Clothing,Wallet,16437.52,2025-05-23
T00178,C1036,45,Female,Clothing,UPI,11375.44,2025-04-25
T00179,C1092,19,Female,Clothing,Wallet,13174.91,2025-06-13
T00180,C1061,59,Female,Groceries,Cash,17977.89,2025-04-19
T00181,C1080,62,Female,Books,Wallet,8050.42,2025-08-03
T00182,C1025,23,Female,Toys,UPI,6603.21,2025-01-28
T00183,C1012,45,Female,Sports,Cash,315.14,2025-11-02
T00184,C1004,45,Female,Home Decor,Credit Card,16548.37,2025-05-02
T00185,C1058,61,Male,Toys,Credit Card,16039.52,2025-04-29
T00186,C1095,61,Male,Sports,UPI,2178.64,2025-02-05
T00187,C1098,37,Female,Home Decor,Wallet,11579.46,2025-06-29
T00188,C1000,47,Female,Groceries,Debit Card,9333.24,2025-04-18
T00189,C1097,28,Male,Clothing,UPI,2462.31,2025-09-19
T00190,C1063,45,Male,Groceries,Cash,19613.31,2025-05-08
T00191,C1015,42,Male,Groceries,Cash,4372.45,2025-09-12
T00192,C1039,56,Male,Toys,Credit Card,1437.96,2025-02-23
T00193,C1075,50,Female,Electronics,Cash,11937.46,2025-06-11
T00194,C1067,18,Male,Toys,UPI,14803.45,2025-03-07
T00195,C1065,44,Female,Books,Cash,745.62,2025-10-21
T00196,C1071,69,Female,Home Decor,UPI,13208.48,2024-11-14
T00197,C1055,30,Female,Clothing,Debit Card,10692.61,2025-09-03
T00198,C1027,58,Female,Toys,Credit Card,2154.97,2025-01-30
T00199,C1048,20,Male,Home Decor,Cash,3533.23,2025-05-02
T00200,C1059,56,Female,Sports,UPI,11402.69,2025-05-29
T00201,C1092,23,Male,Home Decor,Wallet,5997.52,2025-03-03
T00202,C1081,25,Male,Sports,Credit Card,18772.48,2024-12-31
T00203,C1100,44,Female,Toys,Debit Card,16392.93,2025-07-03
T00204,C1016,26,Male,Books,UPI,19672.99,2025-10-08
T00205,C1002,54,Male,Toys,Debit Card,5267.45,2025-03-11
T00206,C1005,50,Female,Sports,Debit Card,19397.5,2025-10-19
T00207,C1000,68,Male,Home Decor,Cash,8681.55,2025-07-12
T00208,C1002,59,Female,Home Decor,Cash,7015.62,2024-11-11
T00209,C1046,61,Male,Sports,UPI,1101.96,2025-03-27
T00210,C1012,41,Female,Groceries,Wallet,1150.03,2025-04-09
T00211,C1026,32,Female,Books,UPI,13871.02,2025-02-27
T00212,C1060,49,Female,Electronics,Wallet,9212.79,2025-07-07
T00213,C1009,49,Female,Clothing,Debit Card,4607.78,2025-09-16
T00214,C1077,41,Male,Home Decor,Credit Card,12318.01,2025-02-07
T00215,C1009,58,Female,Clothing,UPI,5131.88,2025-09-18
T00216,C1039,69,Male,Electronics,UPI,11594.87,2025-08-04
T00217,C1014,66,Female,Toys,Wallet,7248.25,2025-04-25
T00218,C1095,66,Male,Clothing,Debit Card,16488.69,2025-09-25
T00219,C1091,69,Female,Electronics,Debit Card,16431.85,2024-12-24
T00220,C1079,29,Male,Sports,Wallet,9599.27,2025-04-11
T00221,C1056,56,Female,Groceries,Debit Card,7081.3,2025-03-24
T00222,C1003,19,Female,Home Decor,Cash,7314.94,2025-02-15
T00223,C1040,20,Female,Electronics,Credit Card,16133.72,2025-02-11
T00224,C1003,66,Male,Clothing,UPI,6630.77,2025-07-25
T00225,C1055,54,Female,Home Decor,Credit Card,4260.28,2025-11-05
T00226,C1061,66,Male,Groceries,UPI,1785.3,2024-12-08
T00227,C1082,34,Male,Sports,Cash,9387.19,2025-03-07
T00228,C1011,66,Male,Toys,Debit Card,9694.43,2025-06-22
T00229,C1081,19,Male,Home Decor,Wallet,16834.08,2025-09-18
T00230,C1045,19,Female,Toys,Cash,4502.65,2024-12-29
T00231,C1050,45,Female,Electronics,Credit Card,7681.73,2024-12-29
T00232,C1016,40,Male,Groceries,Wallet,16187.27,2025-07-29
T00233,C1048,54,Male,Clothing,Debit Card,16490.11,2025-10-14
T00234,C1048,49,Male,Groceries,Cash,7753.76,2025-07-14
T00235,C1075,50,Male,Groceries,Wallet,9236.57,2024-11-16
T00236,C1018,18,Other,Books,Cash,6135.39,2025-01-02
T00237,C1072,36,Male,Groceries,Cash,18657.84,2025-06-22
T00238,C1051,19,Male,Groceries,Debit Card,2461.01,2025-06-22
T00239,C1076,61,Male,Home Decor,UPI,18681.61,2025-05-07
T00240,C1090,43,Female,Clothing,Wallet,13708.94,2025-04-19
T00241,C1097,49,Other,Home Decor,Debit Card,10678.29,2025-09-15
T00242,C1020,23,Female,Home Decor,Cash,749.92,2025-06-22
T00243,C1012,49,Female,Electronics,Debit Card,9564.36,2025-04-26
T00244,C1013,21,Female,Home Decor,UPI,8214.19,2025-01-19
T00245,C1063,28,Male,Books,Wallet,3308.25,2025-03-18
T00246,C1086,34,Female,Books,UPI,13162.55,2025-01-29
T00247,C1012,55,Female,Toys,Credit Card,19425.9,2025-09-18
T00248,C1043,41,Female,Electronics,Wallet,11287.56,2025-04-18
T00249,C1051,22,Female,Toys,UPI,14323.59,2025-08-08
T00250,C1017,69,Female,Toys,Cash,1462.16,2025-10-01
T00251,C1025,51,Female,Sports,Wallet,8411.57,2025-05-17
T00252,C1022,23,Other,Clothing,Wallet,2415.53,2025-01-20
T00253,C1051,39,Female,Clothing,Debit Card,12294.64,2025-03-17
T00254,C1052,28,Female,Home Decor,Cash,18775.79,2025-11-07
T00255,C1077,65,Female,Home Decor,Credit Card,13269.38,2024-12-23
T00256,C1076,33,Male,Sports,UPI,1628.38,2025-01-09
T00257,C1074,50,Female,Home Decor,Debit Card,7157.86,2025-04-15
T00258,C1011,26,Male,Clothing,UPI,11058.2,2025-11-04
T00259,C1069,23,Female,Toys,Credit Card,8123.83,2025-08-05
T00260,C1047,33,Other,Groceries,Credit Card,16689.52,2025-05-08
T00261,C1061,46,Female,Books,Wallet,16311.95,2025-08-18
T00262,C1066,20,Male,Groceries,Credit Card,12275.44,2025-01-11
T00263,C1004,37,Male,Groceries,UPI,7531.81,2024-12-23
T00264,C1005,53,Male,Clothing,Cash,5181.19,2025-03-05
T00265,C1012,36,Female,Groceries,Cash,2206.9,2025-10-16
T00266,C1032,43,Male,Sports,Wallet,7162.46,2025-02-18
T00267,C1061,20,Male,Electronics,UPI,8322.13,2025-08-19
T00268,C1091,36,Male,Home Decor,UPI,13548.88,2025-01-30
T00269,C1065,37,Female,Electronics,Credit Card,13197.38,2025-07-16
T00270,C1063,49,Female,Toys,UPI,1495.15,2025-09-11
T00271,C1063,24,Male,Books,Debit Card,7965.66,2025-07-16
T00272,C1079,69,Male,Home Decor,Credit Card,3717.4,2025-05-02
T00273,C1095,58,Female,Groceries,Debit Card,3220.57,2025-06-02
T00274,C1089,50,Female,Books,Wallet,16563.31,2025-08-31
T00275,C1038,57,Female,Home Decor,Cash,934.11,2025-05-10
T00276,C1093,56,Male,Sports,Wallet,8441.74,2025-04-11
T00277,C1003,35,Female,Sports,Cash,3447.25,2025-09-28
T00278,C1055,57,Female,Sports,Wallet,17598.67,2025-10-04
T00279,C1051,18,Female,Sports,UPI,11185.11,2025-09-02
T00280,C1052,28,Female,Groceries,Debit Card,4704.47,2025-09-24
T00281,C1077,45,Male,Electronics,Cash,10098.3,2025-07-11
T00282,C1027,42,Male,Home Decor,Credit Card,14656.58,2025-01-29
T00283,C1006,67,Female,Groceries,Debit Card,19166.55,2025-04-24
T00284,C1071,40,Female,Sports,Credit Card,4486.88,2025-01-07
T00285,C1009,48,Female,Toys,Debit Card,17735.02,2025-08-04
T00286,C1039,47,Female,Electronics,Debit Card,18692.65,2024-11-16
T00287,C1078,59,Female,Toys,Wallet,18336.77,2025-03-07
T00288,C1072,52,Female,Books,Cash,12744.75,2025-03-25
T00289,C1092,24,Male,Toys,Cash,12633.43,2025-03-26
T00290,C1050,33,Female,Books,Debit Card,8123.89,2025-08-15
T00291,C1023,43,Male,Books,UPI,15072.72,2025-07-30
T00292,C1090,65,Male,Sports,UPI,10672.75,2025-01-21
T00293,C1025,69,Other,Books,Credit Card,13581.02,2025-01-29
T00294,C1000,66,Male,Clothing,Credit Card,8626.31,2025-08-29
T00295,C1054,19,Male,Home Decor,Wallet,14656.78,2025-02-19
T00296,C1058,18,Male,Home Decor,Debit Card,16506.98,2025-08-28
T00297,C1057,65,Female,Sports,Credit Card,3014.08,2025-07-03
T00298,C1076,29,Male,Clothing,Credit Card,16675.3,2024-12-06
T00299,C1012,22,Male,Toys,Debit Card,10851.9,2025-10-23
T00300,C1033,54,Male,Groceries,Wallet,16908.85,2025-08-19
T00301,C1014,49,Male,Toys,Credit Card,8682.9,2025-04-19
T00302,C1082,26,Male,Groceries,Wallet,7642.91,2025-04-11
T00303,C1005,58,Male,Books,Cash,18309.71,2024-12-02
T00304,C1037,52,Female,Electronics,Wallet,5098.27,2025-01-22
T00305,C1010,36,Male,Groceries,UPI,16899.83,2025-07-06
T00306,C1051,65,Male,Electronics,UPI,9732.01,2025-08-22
T00307,C1028,33,Male,Home Decor,Wallet,10330.5,2025-02-23
T00308,C1073,20,Male,Electronics,UPI,6238.52,2025-02-07
T00309,C1024,37,Female,Home Decor,Cash,11503.54,2025-01-22
T00310,C1100,41,Female,Clothing,Debit Card,6571.7,2025-08-01
T00311,C1023,50,Male,Clothing,UPI,881.46,2025-03-24
T00312,C1071,41,Male,Sports,UPI,5512.77,2025-10-10
T00313,C1089,69,Male,Sports,Wallet,226.94,2025-02-27
T00314,C1009,28,Female,Books,Cash,19569.26,2025-02-26
T00315,C1077,66,Female,Groceries,Debit Card,19318.37,2025-05-08
T00316,C1055,25,Female,Books,Wallet,7963.59,2024-12-21
T00317,C1026,53,Male,Home Decor,Wallet,14594.58,2025-05-12
T00318,C1013,55,Female,Books,Cash,6981.54,2025-09-10
T00319,C1099,57,Male,Electronics,Debit Card,13454.75,2025-03-04
T00320,C1035,37,Male,Home Decor,Cash,16128.06,2025-10-26
T00321,C1041,52,Male,Sports,Debit Card,18940.45,2025-01-01
T00322,C1003,65,Male,Clothing,Cash,8064.22,2025-04-29
T00323,C1041,42,Female,Sports,Wallet,15687.63,2025-01-13
T00324,C1015,52,Female,Groceries,Wallet,5391.98,2025-08-31
T00325,C1075,42,Male,Home Decor,Credit Card,19807.61,2025-07-01
T00326,C1056,46,Female,Home Decor,UPI,612.82,2025-01-12
T00327,C1036,35,Other,Electronics,Cash,12110.22,2025-09-14
T00328,C1030,63,Female,Groceries,Credit Card,13224.17,2024-12-05
T00329,C1085,35,Female,Clothing,UPI,13792.11,2025-07-26
T00330,C1009,19,Female,Toys,Cash,2495.71,2025-10-08
T00331,C1098,52,Other,Home Decor,Debit Card,18776.74,2024-11-30
T00332,C1061,33,Female,Home Decor,UPI,3705.55,2025-03-05
T00333,C1030,58,Male,Electronics,Wallet,12492.79,2025-07-06
T00334,C1077,53,Male,Books,Credit Card,4531.25,2025-08-23
T00335,C1029,50,Female,Clothing,UPI,6213.61,2025-06-04
T00336,C1044,21,Male,Sports,UPI,10974.52,2025-01-16
T00337,C1035,50,Female,Groceries,Wallet,8402.15,2025-10-02
T00338,C1037,31,Male,Home Decor,Cash,3288.49,2024-11-16
T00339,C1090,38,Male,Home Decor,Debit Card,3501.63,2025-05-06
T00340,C1091,65,Male,Sports,Wallet,8421.08,2025-05-09
T00341,C1021,37,Male,Clothing,Debit Card,15169.93,2025-05-06
T00342,C1041,25,Female,Books,Cash,17969.5,2025-01-07
T00343,C1010,24,Female,Home Decor,UPI,1774.14,2025-03-30
T00344,C1023,20,Female,Clothing,Debit Card,7922.77,2025-01-07
T00345,C1030,34,Female,Sports,Credit Card,2094.89,2025-02-27
T00346,C1069,50,Male,Electronics,Credit Card,430.19,2024-12-21
T00347,C1003,65,Female,Books,Wallet,13268.2,2025-06-27
T00348,C1056,29,Female,Groceries,Cash,12088.74,2025-09-22
T00349,C1007,68,Female,Home Decor,Wallet,3344.08,2025-07-03
T00350,C1044,39,Male,Clothing,Wallet,4752.88,2025-08-29
T00351,C1029,39,Female,Electronics,Wallet,571.78,2025-03-23
T00352,C1086,63,Female,Groceries,Credit Card,16715.45,2024-11-30
T00353,C1094,47,Other,Toys,Credit Card,19496.34,2025-05-08
T00354,C1094,55,Female,Clothing,Wallet,2795.64,2025-01-01
T00355,C1037,55,Male,Clothing,Credit Card,4706.36,2025-03-19
T00356,C1019,62,Female,Groceries,Cash,17381.35,2025-02-20
T00357,C1003,68,Female,Electronics,Wallet,18536.63,2025-01-06
T00358,C1075,25,Male,Toys,Credit Card,8450.58,2025-02-08
T00359,C1054,44,Female,Sports,Debit Card,1107.39,2025-11-08
T00360,C1013,44,Female,Electronics,Wallet,883.9,2025-09-09
T00361,C1080,51,Male,Books,Wallet,11521.6,2025-10-11
T00362,C1029,38,Male,Home Decor,Cash,7918.61,2025-08-25
T00363,C1004,47,Male,Groceries,UPI,670.18,2025-09-02
T00364,C1017,50,Male,Sports,UPI,11706.72,2025-01-07
T00365,C1096,45,Male,Toys,Cash,324.92,2025-05-05
T00366,C1083,64,Female,Groceries,Cash,15768.7,2025-01-29
T00367,C1033,50,Male,Groceries,Cash,6198.01,2024-11-19
T00368,C1039,22,Male,Electronics,UPI,901.13,2025-03-15
T00369,C1083,65,Female,Home Decor,Cash,11808.21,2025-09-21
T00370,C1007,36,Female,Books,Credit Card,8013.92,2025-05-17
T00371,C1046,21,Male,Clothing,Wallet,19478.63,2024-12-20
T00372,C1098,52,Male,Clothing,Wallet,10929.55,2025-02-10
T00373,C1076,66,Male,Groceries,Debit Card,5577.26,2025-05-27
T00374,C1026,34,Female,Home Decor,Debit Card,14217.83,2025-04-20
T00375,C1053,61,Male,Toys,Wallet,5502.69,2025-06-19
T00376,C1016,45,Female,Toys,Credit Card,18094.44,2025-04-18
T00377,C1012,47,Other,Sports,UPI,7556.97,2024-12-31
T00378,C1011,46,Male,Electronics,UPI,11042.38,2025-05-16
T00379,C1085,63,Female,Home Decor,Credit Card,1106.4,2025-04-15
T00380,C1012,23,Other,Home Decor,UPI,8579.81,2025-10-29
T00381,C1031,52,Male,Electronics,Cash,16664.03,2025-02-24
T00382,C1042,58,Female,Toys,Wallet,16132.41,2025-07-07
T00383,C1016,54,Female,Toys,Wallet,4563.94,2025-02-22
T00384,C1038,41,Female,Toys,Credit Card,4598.97,2025-01-18
T00385,C1094,46,Female,Groceries,UPI,16364.38,2025-07-12
T00386,C1089,66,Female,Home Decor,Debit Card,18614.93,2025-04-18
T00387,C1048,63,Female,Clothing,Debit Card,1997.68,2025-05-06
T00388,C1048,48,Female,Electronics,UPI,9056.17,2025-05-29
T00389,C1092,52,Female,Toys,Debit Card,6815.34,2025-07-20
T00390,C1020,50,Female,Sports,Credit Card,17426.7,2025-05-25
T00391,C1035,69,Female,Toys,Credit Card,1762.15,2025-11-06
T00392,C1063,38,Male,Toys,UPI,4301.41,2025-07-06
T00393,C1089,49,Male,Books,Debit Card,15074.12,2024-12-13
T00394,C1035,40,Male,Groceries,Credit Card,1120.75,2025-10-22
T00395,C1038,50,Male,Electronics,Credit Card,9901.45,2025-04-11
T00396,C1004,20,Male,Books,Cash,8897.93,2025-09-15
T00397,C1029,35,Female,Books,Cash,6754.58,2025-03-28
T00398,C1076,42,Male,Sports,Credit Card,7951.99,2025-06-13
T00399,C1070,59,Female,Home Decor,UPI,10645.82,2025-02-18
T00400,C1097,48,Male,Sports,Wallet,3311.21,2025-05-09
T00401,C1031,20,Female,Home Decor,Wallet,11482.72,2025-09-03
T00402,C1083,57,Other,Home Decor,Credit Card,16128.1,2025-04-29
T00403,C1021,63,Male,Electronics,Credit Card,15227.2,2025-08-15
T00404,C1065,41,Female,Toys,Credit Card,3162.61,2025-07-21
T00405,C1002,67,Male,Electronics,UPI,3070.06,2025-07-04
T00406,C1009,49,Female,Groceries,Cash,5436.67,2025-08-21
T00407,C1042,64,Male,Home Decor,Credit Card,7285.39,2025-07-23
T00408,C1009,39,Female,Books,Credit Card,8228.27,2025-07-09
T00409,C1064,40,Male,Toys,Debit Card,13625.97,2025-10-21
T00410,C1047,19,Female,Clothing,UPI,1227.94,2025-07-07
T00411,C1033,44,Female,Groceries,Credit Card,789.99,2024-11-12
T00412,C1066,59,Male,Electronics,Debit Card,7899.02,2025-04-10
T00413,C1015,19,Male,Sports,Wallet,13973.56,2025-08-05
T00414,C1065,43,Male,Groceries,Credit Card,3949.36,2025-10-18
T00415,C1087,34,Male,Groceries,Credit Card,12865.94,2025-04-18
T00416,C1061,57,Female,Toys,Debit Card,5270.58,2025-04-24
T00417,C1015,50,Male,Groceries,UPI,17733.11,2025-09-12
T00418,C1079,26,Male,Groceries,Credit Card,17924.23,2025-10-20
T00419,C1081,60,Male,Clothing,Wallet,6016.02,2025-01-20
T00420,C1064,65,Female,Sports,Credit Card,4676.88,2024-12-23
T00421,C1001,56,Male,Sports,Wallet,8284.95,2025-10-12
T00422,C1028,46,Male,Sports,Cash,4886.58,2025-07-21
T00423,C1067,59,Male,Home Decor,Cash,13480.44,2025-03-05
T00424,C1020,43,Male,Books,Wallet,16538.69,2025-01-17
T00425,C1066,52,Female,Sports,UPI,13494.53,2025-07-26
T00426,C1085,67,Male,Groceries,Credit Card,16504.57,2025-03-09
T00427,C1094,42,Male,Groceries,Credit Card,8000.14,2025-09-17
T00428,C1098,41,Female,Sports,Cash,3210.71,2025-07-17
T00429,C1070,30,Female,Toys,Wallet,14785.22,2024-12-29
T00430,C1008,24,Male,Sports,Credit Card,7273.44,2025-08-07
T00431,C1054,53,Female,Groceries,Credit Card,13458.29,2025-10-25
T00432,C1035,62,Female,Home Decor,UPI,5485.81,2025-10-17
T00433,C1007,37,Male,Electronics,Debit Card,1716.47,2025-08-20
T00434,C1012,18,Female,Electronics,Cash,19852.38,2025-07-28
T00435,C1072,25,Female,Sports,Cash,3208.41,2025-03-26
T00436,C1057,63,Male,Clothing,Debit Card,19769.58,2025-05-09
T00437,C1060,33,Male,Sports,Credit Card,19547.87,2025-10-22
T00438,C1076,31,Male,Toys,UPI,15896.98,2025-08-01
T00439,C1000,29,Female,Sports,UPI,13222.52,2025-08-21
T00440,C1041,68,Other,Electronics,Cash,11598.36,2025-02-14
T00441,C1056,40,Female,Groceries,UPI,17335.42,2025-05-06
T00442,C1075,32,Male,Sports,Debit Card,5859.85,2025-02-18
T00443,C1047,45,Female,Groceries,Credit Card,9406.86,2025-02-21
T00444,C1026,51,Female,Groceries,Debit Card,12425.86,2025-01-30
T00445,C1050,19,Male,Clothing,Wallet,8282.69,2025-05-20
T00446,C1012,49,Male,Groceries,Cash,8606.98,2025-03-30
T00447,C1040,40,Female,Electronics,UPI,6672.66,2025-06-22
T00448,C1014,39,Male,Home Decor,Wallet,11328.21,2025-01-22
T00449,C1013,68,Female,Home Decor,UPI,17026.43,2025-08-25
T00450,C1099,42,Male,Books,Credit Card,4110.41,2025-08-10
T00451,C1079,39,Male,Toys,Credit Card,18695.22,2025-08-26
T00452,C1038,39,Male,Sports,Credit Card,13812.84,2024-11-15
T00453,C1041,66,Male,Toys,UPI,16483.14,2025-09-09
T00454,C1041,69,Female,Electronics,Wallet,11168.19,2025-05-09
T00455,C1072,59,Male,Groceries,Credit Card,15612.38,2025-09-12
T00456,C1071,23,Female,Home Decor,Wallet,422.39,2025-04-19
T00457,C1058,32,Female,Toys,UPI,16385.77,2025-06-01
T00458,C1087,60,Female,Electronics,Wallet,898.76,2025-03-23
T00459,C1042,54,Male,Home Decor,UPI,17809.28,2025-09-25
T00460,C1035,50,Female,Groceries,UPI,19840.06,2025-10-02
T00461,C1070,25,Female,Toys,Cash,5951.94,2025-07-17
T00462,C1086,61,Male,Home Decor,UPI,4285.34,2025-03-14
T00463,C1074,61,Male,Sports,UPI,15330.73,2025-04-17
T00464,C1043,22,Female,Sports,Debit Card,5135.22,2025-05-20
T00465,C1089,56,Other,Books,Credit Card,17324.69,2025-04-27
T00466,C1055,21,Male,Books,Cash,2146.57,2025-10-25
T00467,C1035,23,Female,Home Decor,Cash,2606.51,2025-07-02
T00468,C1026,62,Female,Electronics,Cash,19585.12,2024-12-18
T00469,C1064,49,Female,Sports,Debit Card,13509.39,2025-01-28
T00470,C1097,69,Other,Electronics,UPI,16953.06,2025-11-05
T00471,C1002,47,Female,Electronics,Credit Card,6554.15,2024-12-28
T00472,C1091,64,Male,Home Decor,Wallet,13562.03,2025-06-13
T00473,C1041,52,Male,Electronics,UPI,11925.41,2025-02-17
T00474,C1076,57,Male,Sports,Debit Card,12102.69,2025-01-12
T00475,C1035,69,Female,Groceries,UPI,13682.4,2024-12-22
T00476,C1060,33,Female,Books,UPI,11549.65,2025-05-11
T00477,C1011,30,Male,Groceries,Debit Card,8638.34,2025-03-12
T00478,C1042,67,Female,Electronics,Cash,5590.86,2025-01-18
T00479,C1040,59,Female,Groceries,Cash,15394.77,2025-10-23
T00480,C1073,47,Female,Sports,Credit Card,4602.82,2024-11-11
T00481,C1020,36,Male,Sports,Credit Card,13877.85,2025-06-26
T00482,C1016,34,Female,Electronics,Cash,4743.32,2025-09-30
T00483,C1065,36,Male,Home Decor,Wallet,12544.07,2025-10-15
T00484,C1049,45,Male,Groceries,UPI,14966.86,2025-02-06
T00485,C1047,43,Male,Home Decor,Wallet,4452.41,2025-09-01
T00486,C1046,54,Male,Home Decor,UPI,1292.87,2025-02-13
T00487,C1063,43,Male,Clothing,Cash,2706.38,2024-12-23
T00488,C1083,40,Female,Electronics,Credit Card,12159.34,2024-12-09
T00489,C1051,26,Male,Books,Credit Card,17003.98,2025-05-01
T00490,C1034,29,Female,Sports,Wallet,995.44,2025-10-23
T00491,C1009,18,Male,Sports,Credit Card,14709.61,2025-09-27
T00492,C1090,18,Female,Electronics,Cash,6892.24,2025-04-24
T00493,C1063,64,Other,Toys,Wallet,9622.71,2025-02-19
T00494,C1073,51,Male,Toys,UPI,18584.31,2025-03-31
T00495,C1057,49,Male,Toys,Credit Card,6706.23,2025-06-01
T00496,C1086,65,Male,Books,Debit Card,9360.2,2025-02-23
T00497,C1042,42,Female,Sports,Credit Card,372.28,2025-07-03
T00498,C1004,57,Female,Electronics,UPI,1723.81,2025-09-23
T00499,C1039,62,Male,Sports,Wallet,5245.97,2024-12-30
T00500,C1032,18,Female,Home Decor,UPI,654.26,2025-05-29
T00501,C1092,33,Male,Groceries,Debit Card,12664.37,2025-10-17
T00502,C1077,56,Male,Groceries,Cash,8585.33,2024-12-23
T00503,C1014,22,Female,Sports,Credit Card,11008.09,2025-08-21
T00504,C1058,39,Male,Clothing,Wallet,3575.48,2025-08-08
T00505,C1086,46,Female,Books,Cash,5989.05,2025-04-20
T00506,C1086,20,Male,Toys,UPI,13310.11,2025-05-14
T00507,C1025,29,Other,Books,Wallet,19309.52,2024-11-16
T00508,C1044,43,Male,Books,Cash,1103.29,2025-02-25
T00509,C1008,33,Male,Home Decor,Wallet,17818.65,2025-05-01
T00510,C1061,68,Female,Books,Debit Card,11579.94,2025-03-13
T00511,C1072,54,Male,Groceries,Debit Card,11322.0,2024-11-11
T00512,C1030,39,Other,Home Decor,Credit Card,10055.54,2025-07-02
T00513,C1048,46,Female,Electronics,Credit Card,1480.94,2025-07-03
T00514,C1009,31,Female,Books,Debit Card,1888.55,2025-05-10
T00515,C1016,45,Female,Books,Wallet,12058.15,2024-12-19
T00516,C1039,22,Female,Electronics,Debit Card,6885.08,2025-03-05
T00517,C1023,64,Female,Books,Credit Card,18353.63,2025-05-06
T00518,C1019,66,Female,Electronics,Debit Card,8191.15,2025-07-20
T00519,C1092,47,Female,Home Decor,Debit Card,2951.3,2025-10-06
T00520,C1088,63,Male,Groceries,Wallet,14322.9,2025-02-17
T00521,C1091,69,Male,Electronics,Cash,5937.73,2025-09-11
T00522,C1094,22,Female,Clothing,Credit Card,10556.86,2025-05-10
T00523,C1063,29,Male,Electronics,Wallet,13986.87,2025-06-12
T00524,C1098,33,Female,Books,Debit Card,18015.26,2025-03-04
T00525,C1024,43,Male,Toys,Debit Card,15864.6,2025-06-21
T00526,C1060,43,Male,Toys,Cash,13559.59,2025-08-11
T00527,C1096,65,Female,Home Decor,Credit Card,13624.7,2025-05-12
T00528,C1061,38,Female,Sports,Credit Card,18923.9,2025-06-23
T00529,C1017,56,Male,Home Decor,UPI,5986.9,2025-10-15
T00530,C1071,53,Female,Sports,Credit Card,122.13,2025-03-01
T00531,C1005,50,Female,Toys,Cash,5511.9,2025-02-18
T00532,C1043,47,Male,Toys,UPI,4436.04,2025-07-01
T00533,C1009,54,Female,Electronics,UPI,13270.51,2025-02-06
T00534,C1045,40,Male,Groceries,Debit Card,12710.86,2025-04-21
T00535,C1029,27,Male,Clothing,Debit Card,11909.88,2025-09-22
T00536,C1093,22,Other,Home Decor,Credit Card,423.24,2025-09-15
T00537,C1040,53,Male,Books,UPI,14602.68,2025-09-05
T00538,C1079,51,Female,Sports,Debit Card,6538.26,2024-12-04
T00539,C1022,69,Female,Books,Cash,13334.61,2025-02-14
T00540,C1072,48,Male,Groceries,Debit Card,11175.91,2025-09-28
T00541,C1066,27,Female,Sports,Debit Card,6920.35,2025-09-07
T00542,C1054,36,Female,Home Decor,UPI,2778.07,2024-11-24
T00543,C1025,49,Male,Electronics,UPI,1978.94,2025-03-16
T00544,C1041,18,Female,Books,Wallet,16647.21,2025-06-23
T00545,C1019,22,Female,Groceries,Cash,18376.11,2025-05-20
T00546,C1074,62,Female,Home Decor,UPI,13030.78,2024-11-20
T00547,C1042,21,Female,Toys,Credit Card,2158.34,2025-11-08
T00548,C1024,33,Male,Toys,Cash,8100.34,2024-11-29
T00549,C1013,41,Female,Home Decor,Cash,14605.89,2025-09-16
T00550,C1039,33,Female,Home Decor,UPI,15618.44,2025-06-10
T00551,C1090,19,Female,Home Decor,Cash,2452.55,2025-09-17
T00552,C1055,66,Female,Sports,UPI,100.61,2024-12-27
T00553,C1027,45,Female,Home Decor,Debit Card,14271.53,2025-06-06
T00554,C1096,49,Female,Books,Wallet,7196.26,2025-02-27
T00555,C1022,44,Female,Groceries,Debit Card,5164.18,2025-04-10
T00556,C1029,37,Female,Sports,UPI,356.66,2025-05-23
T00557,C1087,41,Female,Home Decor,UPI,10851.96,2025-01-01
T00558,C1003,29,Female,Clothing,Debit Card,17037.9,2025-03-23
T00559,C1098,67,Female,Clothing,Credit Card,19156.87,2025-05-14
T00560,C1078,52,Male,Groceries,Credit Card,11358.32,2025-08-13
T00561,C1005,50,Male,Toys,Credit Card,10337.78,2025-02-01
T00562,C1039,50,Male,Electronics,UPI,1792.62,2025-09-28
T00563,C1008,68,Female,Electronics,Cash,11022.57,2024-12-17
T00564,C1086,60,Female,Toys,UPI,7661.58,2024-12-16
T00565,C1047,54,Female,Sports,Cash,12181.99,2025-02-13
T00566,C1056,29,Male,Sports,Debit Card,7835.65,2025-01-13
T00567,C1033,20,Female,Sports,Wallet,4881.95,2025-05-18
T00568,C1070,18,Male,Electronics,Cash,1989.81,2025-03-14
T00569,C1033,50,Male,Clothing,Credit Card,6366.88,2025-06-30
T00570,C1068,57,Female,Electronics,UPI,2023.23,2024-12-12
T00571,C1006,27,Female,Books,Debit Card,3620.25,2025-04-18
T00572,C1073,60,Male,Home Decor,Credit Card,19747.99,2025-05-26
T00573,C1066,61,Male,Sports,Debit Card,8937.66,2025-09-30
T00574,C1096,46,Male,Clothing,Wallet,10684.25,2025-08-29
T00575,C1086,30,Male,Groceries,UPI,17485.01,2025-03-11
T00576,C1049,29,Female,Groceries,UPI,19911.82,2024-12-08
T00577,C1042,48,Male,Home Decor,Wallet,11696.02,2025-09-11
T00578,C1046,63,Female,Clothing,UPI,16268.23,2025-03-19
T00579,C1006,19,Female,Electronics,Cash,6606.13,2025-02-01
T00580,C1049,68,Male,Electronics,Debit Card,6184.3,2025-10-06
T00581,C1053,67,Male,Books,Credit Card,8113.8,2025-10-20
T00582,C1054,52,Male,Books,Wallet,13482.89,2025-06-30
T00583,C1000,40,Male,Electronics,Cash,13675.61,2025-01-15
T00584,C1040,34,Male,Groceries,Credit Card,6373.26,2025-10-12
T00585,C1004,43,Female,Sports,Credit Card,2750.88,2025-11-03
T00586,C1054,25,Male,Groceries,Wallet,12684.69,2025-09-08
T00587,C1095,46,Other,Books,Cash,2653.68,2025-01-15
T00588,C1086,43,Male,Home Decor,Credit Card,11612.0,2025-05-12
T00589,C1100,27,Female,Electronics,Credit Card,13899.1,2025-05-17
T00590,C1032,43,Female,Books,Cash,14042.17,2025-10-28
T00591,C1001,51,Female,Books,UPI,15094.1,2025-09-07
T00592,C1084,68,Female,Sports,Credit Card,17469.9,2025-08-20
T00593,C1045,58,Female,Electronics,Debit Card,10049.18,2025-07-15
T00594,C1082,24,Female,Sports,Cash,14631.96,2024-12-26
T00595,C1053,21,Female,Electronics,Credit Card,12421.54,2024-12-08
T00596,C1095,67,Female,Sports,Wallet,3814.13,2025-06-13
T00597,C1024,62,Male,Groceries,Debit Card,611.22,2025-03-08
T00598,C1003,28,Male,Home Decor,Credit Card,5762.37,2025-02-25
T00599,C1064,46,Female,Home Decor,Debit Card,8916.37,2025-01-09
T00600,C1096,53,Female,Electronics,Debit Card,12380.41,2025-10-06
T00601,C1014,42,Female,Clothing,UPI,17014.19,2025-01-10
T00602,C1078,38,Female,Toys,Debit Card,4005.29,2024-11-30
T00603,C1087,53,Other,Books,UPI,2598.44,2025-03-31
T00604,C1095,27,Male,Books,Cash,19273.25,2025-09-07
T00605,C1041,54,Male,Electronics,UPI,2250.09,2025-05-09
T00606,C1084,26,Male,Sports,Wallet,9621.97,2025-03-31
T00607,C1030,41,Male,Clothing,Credit Card,11752.72,2024-11-16
T00608,C1098,52,Female,Groceries,Cash,10873.35,2025-04-26
T00609,C1051,66,Male,Sports,Cash,1812.04,2025-08-01
T00610,C1051,52,Female,Sports,Wallet,1234.84,2025-06-13
T00611,C1030,65,Male,Electronics,UPI,2199.12,2025-04-23
T00612,C1038,53,Female,Electronics,Credit Card,11753.19,2025-10-14
T00613,C1086,35,Female,Books,UPI,10932.46,2025-09-22
T00614,C1049,66,Male,Electronics,Debit Card,4751.44,2025-09-10
T00615,C1009,56,Female,Electronics,UPI,12791.71,2025-01-11
T00616,C1055,49,Male,Electronics,Cash,16419.34,2025-08-16
T00617,C1048,41,Male,Books,Credit Card,927.42,2025-01-19
T00618,C1014,40,Male,Groceries,UPI,10012.79,2025-06-13
T00619,C1034,49,Male,Groceries,Credit Card,13817.28,2025-03-10
T00620,C1042,54,Male,Toys,Credit Card,5121.01,2025-03-11
T00621,C1008,29,Female,Toys,Debit Card,6224.64,2025-07-28
T00622,C1090,66,Female,Electronics,Debit Card,12311.39,2025-01-22
T00623,C1064,30,Female,Toys,Cash,17968.91,2024-11-11
T00624,C1038,40,Male,Books,Wallet,16217.5,2025-05-25
T00625,C1044,42,Female,Groceries,Credit Card,11704.29,2025-06-13
T00626,C1005,52,Male,Sports,Wallet,14631.41,2025-04-04
T00627,C1089,58,Male,Groceries,Cash,7359.97,2025-01-21
T00628,C1052,47,Female,Groceries,Credit Card,12855.21,2025-09-22
T00629,C1043,34,Male,Books,Credit Card,9377.01,2024-11-26
T00630,C1067,66,Female,Toys,Wallet,3879.73,2025-02-17
T00631,C1042,37,Female,Sports,UPI,14064.59,2025-09-27
T00632,C1017,65,Male,Books,Debit Card,11173.65,2025-09-15
T00633,C1092,42,Male,Electronics,UPI,7236.57,2025-07-04
T00634,C1057,39,Male,Home Decor,Wallet,18235.65,2025-03-12
T00635,C1053,30,Female,Groceries,Debit Card,516.59,2025-10-29
T00636,C1021,36,Male,Home Decor,UPI,6383.89,2025-06-07
T00637,C1034,66,Male,Books,Debit Card,1231.94,2025-08-31
T00638,C1050,53,Male,Books,Credit Card,15353.89,2025-07-01
T00639,C1005,29,Female,Books,UPI,14071.94,2025-10-03
T00640,C1084,58,Male,Home Decor,Debit Card,6693.91,2025-05-10
T00641,C1010,36,Male,Books,Debit Card,13545.69,2024-12-01
T00642,C1036,29,Female,Electronics,Debit Card,7979.15,2025-02-08
T00643,C1096,26,Female,Books,UPI,15149.45,2025-10-22
T00644,C1040,24,Male,Clothing,Cash,9138.25,2025-05-30
T00645,C1045,45,Male,Toys,UPI,8304.37,2024-12-14
T00646,C1037,31,Male,Home Decor,Wallet,18701.13,2025-11-03
T00647,C1064,48,Female,Clothing,UPI,5092.49,2025-02-16
T00648,C1054,69,Male,Books,Debit Card,2496.9,2025-09-07
T00649,C1003,36,Female,Electronics,Credit Card,11732.41,2025-03-23
T00650,C1024,64,Female,Groceries,UPI,19389.5,2025-02-13
T00651,C1001,33,Female,Sports,UPI,7619.0,2025-04-04
T00652,C1074,22,Male,Toys,Debit Card,1334.53,2025-09-04
T00653,C1060,52,Female,Sports,Credit Card,6852.17,2025-10-27
T00654,C1029,29,Female,Books,Credit Card,10168.04,2025-03-11
T00655,C1029,42,Female,Toys,Wallet,3322.27,2025-07-24
T00656,C1000,69,Male,Toys,UPI,13196.23,2025-08-13
T00657,C1094,38,Other,Electronics,Credit Card,19955.21,2024-11-29
T00658,C1097,53,Male,Toys,Credit Card,9089.62,2025-03-01
T00659,C1095,40,Male,Home Decor,Cash,7159.1,2025-09-01
T00660,C1049,33,Male,Clothing,Cash,8074.01,2024-12-19
T00661,C1094,56,Female,Clothing,Credit Card,2391.41,2025-07-10
T00662,C1068,62,Male,Clothing,Wallet,17677.14,2025-10-26
T00663,C1008,59,Male,Home Decor,Credit Card,8355.03,2025-02-28
T00664,C1093,56,Male,Sports,Debit Card,7806.76,2025-01-14
T00665,C1100,31,Male,Electronics,UPI,13227.84,2025-01-01
T00666,C1007,48,Female,Toys,Wallet,8896.47,2025-05-17
T00667,C1013,22,Female,Home Decor,Debit Card,12999.85,2025-01-13
T00668,C1071,52,Male,Clothing,Wallet,1322.78,2025-04-19
T00669,C1030,40,Male,Books,Debit Card,16293.09,2025-04-27
T00670,C1042,46,Female,Groceries,UPI,18816.03,2025-07-14
T00671,C1078,60,Male,Toys,UPI,13010.43,2025-08-08
T00672,C1020,28,Male,Home Decor,Cash,19095.86,2025-10-10
T00673,C1092,35,Other,Home Decor,Debit Card,3113.5,2025-10-18
T00674,C1019,64,Female,Electronics,Cash,9600.58,2024-12-28
T00675,C1071,29,Male,Electronics,Debit Card,12075.95,2025-07-20
T00676,C1027,26,Female,Home Decor,Cash,11676.56,2025-06-03
T00677,C1051,27,Male,Clothing,UPI,8089.09,2025-03-21
T00678,C1001,61,Female,Groceries,Wallet,6827.88,2025-05-05
T00679,C1071,34,Male,Toys,Cash,2623.8,2025-08-30
T00680,C1031,55,Male,Electronics,Debit Card,7895.67,2024-11-21
T00681,C1063,24,Male,Toys,Debit Card,3336.95,2024-12-08
T00682,C1049,63,Female,Clothing,UPI,14713.88,2025-09-28
T00683,C1037,30,Female,Toys,Debit Card,4255.74,2025-01-02
T00684,C1086,57,Male,Books,Credit Card,1265.45,2025-11-08
T00685,C1037,59,Male,Electronics,Wallet,11092.09,2025-06-08
T00686,C1078,26,Female,Clothing,Cash,11945.07,2025-09-08
T00687,C1013,67,Male,Clothing,Wallet,17451.07,2025-08-07
T00688,C1087,44,Male,Groceries,UPI,11581.93,2024-12-12
T00689,C1090,19,Other,Groceries,Cash,6975.07,2025-01-01
T00690,C1076,22,Male,Books,Cash,16079.94,2025-08-05
T00691,C1012,46,Female,Clothing,Credit Card,10851.55,2025-05-31
T00692,C1027,54,Other,Sports,UPI,1677.68,2025-02-21
T00693,C1042,55,Male,Clothing,Debit Card,11360.43,2025-04-17
T00694,C1072,36,Male,Groceries,Credit Card,18169.57,2025-08-24
T00695,C1014,25,Male,Sports,Credit Card,7986.62,2025-06-08
T00696,C1078,65,Female,Electronics,Wallet,5996.88,2025-07-29
T00697,C1058,62,Female,Electronics,Wallet,2955.04,2025-08-17
T00698,C1058,18,Female,Toys,Wallet,3113.77,2025-11-07
T00699,C1033,39,Male,Home Decor,Credit Card,8712.15,2025-04-16
T00700,C1060,69,Female,Groceries,Debit Card,11954.03,2025-06-30
T00701,C1011,34,Female,Home Decor,Cash,1704.25,2025-08-04
T00702,C1076,24,Female,Sports,Wallet,18797.41,2025-03-26
T00703,C1073,42,Female,Groceries,Debit Card,15127.16,2025-06-26
T00704,C1060,62,Female,Books,UPI,11773.82,2025-10-09
T00705,C1025,21,Female,Clothing,Wallet,16585.93,2025-01-04
T00706,C1023,53,Female,Books,Cash,1695.72,2025-02-22
T00707,C1051,23,Male,Sports,UPI,9589.09,2025-07-03
T00708,C1032,48,Male,Groceries,UPI,12638.85,2025-01-24
T00709,C1014,36,Female,Sports,Cash,16590.19,2025-01-06
T00710,C1092,61,Male,Clothing,Wallet,15691.04,2025-01-14
T00711,C1006,56,Female,Electronics,Credit Card,5613.68,2025-07-24
T00712,C1075,44,Other,Electronics,Cash,18823.52,2025-06-30
T00713,C1010,27,Female,Sports,Cash,2574.48,2025-04-16
T00714,C1085,43,Male,Home Decor,Cash,17515.16,2025-03-15
T00715,C1009,36,Male,Groceries,UPI,19421.71,2025-07-14
T00716,C1070,56,Male,Groceries,Debit Card,3625.36,2024-12-04
T00717,C1046,20,Female,Electronics,Credit Card,14469.11,2025-10-07
T00718,C1099,62,Female,Toys,Wallet,901.68,2025-08-20
T00719,C1023,30,Female,Books,Wallet,8167.91,2025-01-02
T00720,C1066,67,Male,Toys,Debit Card,10374.04,2025-10-25
T00721,C1028,45,Female,Clothing,Cash,11654.84,2025-01-03
T00722,C1018,37,Female,Books,Credit Card,18725.15,2025-04-24
T00723,C1068,45,Male,Books,Wallet,13477.79,2024-12-06
T00724,C1019,25,Female,Sports,Wallet,9677.43,2025-07-21
T00725,C1024,58,Male,Electronics,Cash,16212.53,2025-04-20
T00726,C1046,56,Male,Toys,Debit Card,19015.6,2025-05-22
T00727,C1060,18,Female,Toys,Credit Card,539.12,2025-10-19
T00728,C1095,20,Male,Electronics,Debit Card,19652.17,2025-01-13
T00729,C1044,30,Female,Toys,Debit Card,1814.03,2025-05-23
T00730,C1080,45,Female,Electronics,Credit Card,16306.3,2025-08-11
T00731,C1094,66,Female,Sports,Credit Card,5678.66,2025-07-22
T00732,C1035,42,Male,Home Decor,Wallet,2730.38,2025-02-21
T00733,C1056,50,Female,Books,Wallet,8853.13,2025-06-30
T00734,C1047,55,Female,Sports,Credit Card,12914.74,2024-12-26
T00735,C1084,23,Female,Groceries,UPI,7680.94,2024-11-15
T00736,C1014,61,Male,Clothing,Wallet,1185.85,2025-06-27
T00737,C1055,62,Male,Home Decor,UPI,12029.28,2025-02-21
T00738,C1010,49,Female,Groceries,Credit Card,18057.83,2024-11-24
T00739,C1094,62,Male,Books,Wallet,7725.99,2025-07-31
T00740,C1058,64,Female,Toys,Debit Card,4405.02,2025-11-04
T00741,C1066,38,Female,Electronics,Credit Card,8907.29,2025-10-18
T00742,C1040,33,Female,Books,Cash,1062.42,2025-07-06
T00743,C1038,38,Female,Sports,UPI,16427.7,2025-07-10
T00744,C1060,28,Female,Clothing,Credit Card,16544.18,2025-07-17
T00745,C1096,54,Female,Sports,Credit Card,11801.21,2025-07-24
T00746,C1088,53,Female,Home Decor,Wallet,7126.75,2025-10-08
T00747,C1069,52,Female,Home Decor,Wallet,16015.69,2025-04-23
T00748,C1039,36,Male,Clothing,Wallet,11138.27,2025-05-02
T00749,C1071,37,Male,Groceries,Cash,16536.05,2025-06-05
T00750,C1001,35,Female,Groceries,Wallet,12666.03,2025-03-22
T00751,C1012,64,Male,Home Decor,Credit Card,15709.67,2025-09-29
T00752,C1085,58,Male,Home Decor,Wallet,12011.4,2025-04-04
T00753,C1062,66,Male,Toys,Debit Card,8341.41,2025-06-05
T00754,C1083,31,Female,Electronics,Wallet,19163.12,2025-05-23
T00755,C1008,32,Female,Toys,Cash,10868.17,2025-08-06
T00756,C1006,48,Female,Toys,Debit Card,12141.28,2024-11-15
T00757,C1046,18,Female,Groceries,Credit Card,4487.7,2025-07-31
T00758,C1007,20,Female,Clothing,Credit Card,12550.45,2025-02-24
T00759,C1021,33,Male,Groceries,UPI,11474.99,2024-12-25
T00760,C1052,40,Female,Electronics,Debit Card,3778.28,2025-09-13
T00761,C1058,28,Male,Sports,UPI,1285.78,2025-03-22
T00762,C1046,29,Female,Home Decor,Debit Card,12126.75,2024-11-20
T00763,C1097,27,Female,Home Decor,Debit Card,15297.48,2024-11-20
T00764,C1008,49,Male,Electronics,Cash,10515.69,2025-07-13
T00765,C1039,33,Male,Toys,UPI,4612.78,2025-07-10
T00766,C1008,25,Male,Clothing,Cash,13363.79,2024-12-16
T00767,C1066,55,Male,Home Decor,Debit Card,1694.1,2025-01-31
T00768,C1087,29,Male,Books,Credit Card,8892.49,2025-04-07
T00769,C1028,41,Female,Toys,Debit Card,3351.0,2025-05-29
T00770,C1050,45,Female,Home Decor,Cash,3770.74,2025-09-22
T00771,C1046,25,Female,Books,UPI,4125.65,2024-12-06
T00772,C1060,45,Female,Electronics,UPI,7795.47,2025-05-25
T00773,C1015,53,Female,Electronics,Cash,1117.89,2025-09-09
T00774,C1087,43,Female,Toys,UPI,8016.09,2025-01-06
T00775,C1010,25,Male,Home Decor,Wallet,10282.98,2024-11-16
T00776,C1002,67,Female,Groceries,Credit Card,9717.56,2025-03-08
T00777,C1047,45,Male,Books,Credit Card,7717.4,2025-09-05
T00778,C1051,45,Other,Clothing,Credit Card,16799.02,2024-11-20
T00779,C1058,54,Female,Home Decor,UPI,2992.0,2025-01-07
T00780,C1006,58,Female,Clothing,UPI,10163.37,2025-06-09
T00781,C1056,53,Male,Home Decor,Debit Card,1334.62,2025-02-14
T00782,C1004,44,Female,Groceries,Debit Card,1516.0,2025-07-12
T00783,C1075,34,Female,Groceries,Credit Card,11519.93,2025-03-13
T00784,C1036,26,Male,Toys,Wallet,11363.77,2025-01-15
T00785,C1049,50,Male,Toys,Debit Card,17572.87,2025-03-14
T00786,C1077,37,Female,Groceries,Debit Card,11201.69,2025-06-23
T00787,C1041,30,Male,Sports,UPI,19199.84,2024-12-05
T00788,C1059,45,Female,Groceries,Wallet,1069.03,2025-04-13
T00789,C1010,65,Male,Electronics,Credit Card,2050.35,2025-06-22
T00790,C1075,46,Male,Electronics,Debit Card,976.91,2025-04-16
T00791,C1012,30,Female,Sports,Wallet,3787.01,2025-06-10
T00792,C1052,63,Male,Books,Wallet,10871.28,2025-05-14
T00793,C1006,52,Female,Clothing,Credit Card,12946.89,2024-12-19
T00794,C1049,23,Male,Home Decor,Wallet,1007.14,2025-05-08
T00795,C1041,35,Male,Home Decor,Wallet,18924.82,2025-01-27
T00796,C1060,68,Female,Sports,Wallet,16859.09,2025-01-30
T00797,C1010,22,Female,Electronics,Debit Card,6002.59,2025-08-19
T00798,C1094,64,Female,Toys,Credit Card,1636.03,2025-06-19
T00799,C1065,42,Female,Home Decor,Wallet,3480.75,2025-09-11
T00800,C1030,19,Female,Electronics,Wallet,2626.19,2024-12-01
T00801,C1014,27,Male,Books,Debit Card,2553.35,2025-02-15
T00802,C1047,47,Male,Clothing,Credit Card,10419.38,2025-06-07
T00803,C1014,67,Female,Books,UPI,4992.36,2025-04-18
T00804,C1066,62,Female,Sports,Debit Card,7226.98,2025-03-07
T00805,C1062,22,Female,Groceries,Credit Card,19791.16,2025-03-08
T00806,C1044,50,Male,Groceries,Wallet,13717.85,2025-04-16
T00807,C1050,18,Male,Groceries,Credit Card,18984.72,2025-11-03
T00808,C1041,35,Female,Books,Credit Card,2936.88,2025-07-07
T00809,C1012,49,Female,Home Decor,Credit Card,7704.58,2025-11-09
T00810,C1022,64,Female,Clothing,UPI,11139.16,2025-11-09
T00811,C1001,66,Female,Groceries,Credit Card,1627.49,2025-07-05
T00812,C1019,28,Female,Sports,UPI,183.33,2025-04-03
T00813,C1061,38,Male,Sports,Wallet,13441.64,2025-04-02
T00814,C1012,43,Male,Groceries,UPI,12872.21,2025-06-09
T00815,C1043,42,Male,Groceries,Wallet,8274.7,2025-04-07
T00816,C1091,39,Male,Clothing,Wallet,9843.92,2025-06-11
T00817,C1023,44,Female,Groceries,UPI,8367.32,2025-02-22
T00818,C1028,66,Male,Clothing,Debit Card,577.7,2025-05-15
T00819,C1086,30,Female,Sports,Cash,6773.89,2025-08-10
T00820,C1048,50,Male,Groceries,Credit Card,3623.94,2025-01-23
T00821,C1038,51,Male,Books,Cash,2058.64,2025-08-20
T00822,C1071,58,Male,Toys,Credit Card,19138.74,2024-12-29
T00823,C1055,52,Male,Books,Credit Card,12027.26,2025-06-25
T00824,C1085,18,Female,Sports,Wallet,14600.26,2025-09-21
T00825,C1049,38,Male,Clothing,Credit Card,6375.74,2025-10-05
T00826,C1075,65,Female,Books,Credit Card,7923.63,2025-05-27
T00827,C1020,23,Male,Clothing,UPI,4814.79,2025-09-16
T00828,C1097,45,Male,Books,Cash,2029.62,2025-03-15
T00829,C1009,34,Male,Books,UPI,3662.73,2025-09-04
T00830,C1084,22,Female,Clothing,Credit Card,15970.53,2025-06-29
T00831,C1029,48,Female,Home Decor,Wallet,13583.16,2025-11-10
T00832,C1067,22,Male,Books,UPI,10983.88,2025-01-08
T00833,C1037,55,Male,Groceries,UPI,9554.29,2024-12-29
T00834,C1064,20,Female,Toys,Debit Card,18456.44,2025-05-25
T00835,C1043,40,Male,Sports,Credit Card,1547.43,2025-09-02
T00836,C1095,54,Male,Home Decor,Wallet,5683.96,2025-02-14
T00837,C1074,54,Female,Clothing,UPI,7063.76,2024-12-21
T00838,C1072,27,Female,Home Decor,UPI,15670.27,2025-07-04
T00839,C1056,27,Male,Electronics,Wallet,19851.04,2025-10-18
T00840,C1008,36,Female,Electronics,Credit Card,4889.34,2025-05-20
T00841,C1099,34,Female,Books,Debit Card,17498.72,2024-12-20
T00842,C1052,38,Male,Books,UPI,16629.39,2025-10-20
T00843,C1019,31,Female,Groceries,Debit Card,4570.68,2025-06-03
T00844,C1022,26,Female,Toys,Cash,8046.72,2025-10-07
T00845,C1068,63,Male,Sports,Credit Card,8252.49,2024-11-20
T00846,C1089,18,Male,Home Decor,Cash,19566.59,2025-10-01
T00847,C1062,68,Male,Electronics,Cash,3699.75,2025-07-12
T00848,C1046,62,Female,Books,Cash,16003.24,2025-07-29
T00849,C1090,30,Male,Sports,Credit Card,6750.44,2024-12-03
T00850,C1068,21,Female,Home Decor,Credit Card,14644.32,2025-08-21
T00851,C1033,18,Female,Books,Wallet,8458.22,2025-10-09
T00852,C1067,66,Male,Books,Debit Card,11609.36,2025-08-22
T00853,C1072,57,Female,Electronics,Debit Card,16668.97,2025-03-29
T00854,C1047,49,Male,Electronics,Wallet,16102.89,2025-06-10
T00855,C1076,51,Female,Books,Wallet,17341.82,2024-12-10
T00856,C1030,45,Female,Clothing,Cash,1286.38,2025-02-07
T00857,C1030,48,Male,Books,Wallet,13871.81,2025-05-24
T00858,C1080,25,Male,Sports,UPI,2885.75,2025-08-15
T00859,C1007,56,Male,Books,Debit Card,8374.79,2024-12-17
T00860,C1015,43,Male,Groceries,Wallet,11016.91,2025-05-14
T00861,C1032,51,Male,Toys,UPI,8114.52,2024-12-08
T00862,C1040,20,Male,Groceries,UPI,10440.27,2025-05-11
T00863,C1016,67,Other,Groceries,UPI,19930.87,2025-03-16
T00864,C1014,29,Male,Clothing,UPI,2790.82,2025-10-20
T00865,C1040,18,Male,Clothing,Cash,13541.58,2025-03-04
T00866,C1098,61,Female,Books,UPI,7980.42,2025-07-27
T00867,C1022,22,Male,Groceries,Cash,2746.89,2025-02-03
T00868,C1011,47,Other,Clothing,Cash,3258.86,2025-07-11
T00869,C1022,47,Female,Electronics,UPI,18990.53,2025-05-04
T00870,C1018,34,Female,Books,Debit Card,17604.07,2025-06-17
T00871,C1071,65,Male,Sports,UPI,18150.14,2025-03-10
T00872,C1036,64,Male,Toys,UPI,19831.5,2025-10-14
T00873,C1064,40,Male,Home Decor,UPI,4245.48,2025-04-04
T00874,C1076,32,Female,Books,Debit Card,7173.24,2025-09-18
T00875,C1026,54,Male,Home Decor,Credit Card,13417.46,2025-04-06
T00876,C1076,38,Male,Groceries,Credit Card,9727.67,2025-01-17
T00877,C1051,31,Other,Toys,Cash,8425.95,2024-11-12
T00878,C1025,19,Male,Home Decor,Cash,7220.44,2024-11-24
T00879,C1003,28,Male,Groceries,Debit Card,11916.23,2024-12-17
T00880,C1084,68,Male,Electronics,Wallet,11554.31,2025-03-07
T00881,C1002,56,Other,Home Decor,Credit Card,3313.01,2025-09-04
T00882,C1052,55,Male,Toys,Cash,9487.62,2025-10-29
T00883,C1004,51,Female,Books,Credit Card,11114.09,2025-07-25
T00884,C1083,55,Female,Groceries,Debit Card,11448.71,2024-12-21
T00885,C1095,67,Male,Books,Debit Card,4281.13,2025-05-18
T00886,C1043,51,Female,Toys,Wallet,14871.2,2025-07-19
T00887,C1074,35,Male,Clothing,Wallet,601.46,2025-06-02
T00888,C1009,47,Male,Groceries,Debit Card,7161.15,2025-04-19
T00889,C1088,32,Female,Home Decor,Cash,15626.23,2025-06-18
T00890,C1035,44,Female,Groceries,Credit Card,11321.47,2025-01-16
T00891,C1086,68,Female,Books,UPI,5297.13,2025-05-16
T00892,C1064,51,Female,Electronics,Wallet,13929.57,2025-04-04
T00893,C1035,69,Male,Groceries,UPI,11391.08,2025-10-01
T00894,C1035,55,Male,Home Decor,Cash,15945.25,2025-06-15
T00895,C1090,50,Male,Clothing,Wallet,14727.0,2025-09-24
T00896,C1022,41,Male,Sports,UPI,12241.15,2024-12-26
T00897,C1052,32,Male,Electronics,Cash,9814.74,2025-10-03
T00898,C1090,47,Male,Clothing,Credit Card,2750.32,2025-10-16
T00899,C1082,59,Male,Groceries,Cash,5300.53,2025-07-11
T00900,C1012,68,Male,Books,Wallet,8440.08,2025-11-03
T00901,C1028,34,Female,Toys,Debit Card,12026.06,2025-04-17
T00902,C1085,22,Female,Books,Credit Card,10322.79,2024-11-26
T00903,C1011,46,Male,Home Decor,UPI,5834.87,2025-03-10
T00904,C1033,21,Female,Books,Wallet,228.64,2025-06-27
T00905,C1087,27,Female,Electronics,Debit Card,9975.16,2025-05-18
T00906,C1000,34,Male,Books,Cash,5783.96,2025-10-25
T00907,C1038,27,Female,Home Decor,Debit Card,14718.71,2025-03-26
T00908,C1044,34,Female,Sports,Wallet,576.53,2025-09-16
T00909,C1084,37,Female,Groceries,Wallet,11738.07,2024-11-30
T00910,C1010,41,Male,Toys,Debit Card,18835.34,2025-08-14
T00911,C1093,22,Female,Groceries,Cash,3570.74,2025-05-06
T00912,C1049,51,Male,Books,Debit Card,9485.82,2025-03-12
T00913,C1039,23,Female,Clothing,Wallet,1919.3,2025-09-30
T00914,C1050,19,Female,Groceries,Wallet,12551.07,2025-10-01
T00915,C1072,30,Female,Sports,UPI,11055.58,2024-11-25
T00916,C1089,60,Female,Books,UPI,8206.57,2025-07-08
T00917,C1000,60,Female,Toys,Credit Card,10475.4,2025-08-20
T00918,C1048,65,Male,Home Decor,Wallet,17941.84,2024-12-29
T00919,C1032,28,Male,Sports,UPI,4006.26,2025-05-08
T00920,C1091,68,Female,Books,Debit Card,549.03,2025-06-08
T00921,C1051,64,Male,Sports,Cash,17247.13,2025-05-14
T00922,C1062,40,Male,Groceries,Debit Card,11584.63,2024-12-05
T00923,C1088,33,Male,Toys,Cash,17824.1,2025-10-20
T00924,C1048,48,Male,Home Decor,UPI,11979.21,2024-12-23
T00925,C1041,28,Female,Books,Credit Card,16222.21,2024-12-29
T00926,C1046,33,Female,Electronics,Debit Card,8650.5,2025-09-26
T00927,C1001,25,Female,Home Decor,Debit Card,15022.21,2025-06-25
T00928,C1056,21,Female,Electronics,Debit Card,18269.53,2025-02-16
T00929,C1025,57,Male,Sports,Cash,11485.25,2025-05-16
T00930,C1019,21,Male,Clothing,UPI,3697.62,2025-05-24
T00931,C1063,42,Female,Home Decor,Debit Card,5449.07,2024-11-15
T00932,C1037,20,Male,Sports,Debit Card,4053.03,2025-10-18
T00933,C1001,49,Female,Electronics,Credit Card,5012.45,2025-04-24
T00934,C1047,20,Female,Groceries,Credit Card,6197.67,2025-08-01
T00935,C1091,44,Male,Groceries,UPI,11147.16,2025-11-09
T00936,C1074,46,Female,Clothing,UPI,11801.03,2025-07-26
T00937,C1074,49,Female,Home Decor,Wallet,8587.34,2025-02-28
T00938,C1007,67,Female,Home Decor,Credit Card,12346.87,2025-10-20
T00939,C1054,68,Male,Home Decor,Wallet,1723.34,2025-02-11
T00940,C1088,36,Male,Sports,Cash,1846.99,2025-06-30
T00941,C1085,38,Female,Toys,Wallet,3519.41,2025-01-11
T00942,C1081,22,Male,Toys,Debit Card,10409.74,2025-03-05
T00943,C1095,35,Male,Clothing,Wallet,4358.49,2025-02-13
T00944,C1031,45,Female,Home Decor,UPI,5737.36,2025-09-23
T00945,C1075,59,Male,Sports,Cash,8066.23,2025-09-29
T00946,C1001,39,Female,Groceries,Debit Card,16256.14,2025-07-24
T00947,C1075,38,Female,Electronics,Wallet,375.86,2025-08-04
T00948,C1077,23,Female,Sports,Cash,13022.64,2025-04-11
T00949,C1048,18,Male,Toys,Cash,13410.64,2025-08-06
T00950,C1020,22,Female,Toys,Debit Card,15993.25,2025-06-03
T00951,C1082,58,Male,Groceries,Wallet,18661.78,2025-01-25
T00952,C1053,29,Male,Groceries,Cash,500.74,2024-11-30
T00953,C1037,43,Female,Electronics,Cash,3160.3,2025-09-09
T00954,C1052,63,Male,Groceries,Credit Card,17734.81,2025-03-21
T00955,C1100,51,Male,Clothing,Cash,9224.52,2025-05-16
T00956,C1020,66,Female,Electronics,Credit Card,11335.35,2025-09-15
T00957,C1045,31,Male,Groceries,Wallet,13294.24,2025-03-23
T00958,C1044,43,Male,Books,Wallet,13613.43,2024-11-29
T00959,C1059,62,Female,Sports,Wallet,18641.63,2025-10-30
T00960,C1007,44,Female,Groceries,UPI,19939.29,2025-05-30
T00961,C1010,26,Female,Clothing,Wallet,14431.13,2024-12-11
T00962,C1086,43,Male,Home Decor,Cash,5815.7,2024-12-28
T00963,C1039,64,Male,Groceries,Debit Card,17607.07,2025-09-21
T00964,C1080,39,Male,Toys,Credit Card,1079.5,2025-05-27
T00965,C1049,64,Male,Toys,UPI,4698.51,2025-02-25
T00966,C1098,47,Female,Toys,Wallet,17957.98,2024-12-11
T00967,C1017,60,Male,Home Decor,Wallet,5198.21,2025-01-05
T00968,C1052,65,Male,Toys,Debit Card,4490.96,2025-02-20
T00969,C1026,34,Female,Books,Debit Card,2848.69,2025-06-08
T00970,C1001,43,Female,Groceries,UPI,17196.32,2025-04-27
T00971,C1055,53,Female,Toys,Credit Card,10051.16,2025-10-24
T00972,C1035,18,Male,Electronics,Wallet,13530.37,2025-03-23
T00973,C1078,25,Male,Home Decor,UPI,4857.42,2025-09-08
T00974,C1096,66,Male,Books,Cash,15185.0,2025-10-13
T00975,C1026,52,Male,Electronics,Cash,15224.11,2025-05-11
T00976,C1011,69,Female,Electronics,UPI,6320.7,2025-02-06
T00977,C1055,32,Female,Electronics,Wallet,8272.58,2025-03-15
T00978,C1062,64,Female,Electronics,UPI,4272.84,2025-02-04
T00979,C1099,39,Female,Groceries,Wallet,19533.56,2025-07-04
T00980,C1078,31,Male,Toys,Debit Card,12947.49,2025-09-01
T00981,C1032,43,Female,Sports,UPI,18697.42,2025-02-01
T00982,C1096,45,Male,Groceries,Wallet,6137.37,2025-05-15
T00983,C1063,40,Female,Groceries,UPI,15659.63,2024-12-28
T00984,C1004,31,Female,Books,UPI,15340.59,2025-08-06
T00985,C1038,41,Male,Books,Wallet,13863.95,2025-10-17
T00986,C1006,19,Male,Toys,Wallet,19316.22,2025-05-10
T00987,C1008,62,Other,Sports,Credit Card,7931.75,2025-05-24
T00988,C1100,43,Male,Books,UPI,2701.27,2025-05-22
T00989,C1090,31,Male,Toys,Cash,13467.01,2025-03-11
T00990,C1026,68,Male,Toys,UPI,14613.27,2025-06-17
T00991,C1088,24,Female,Clothing,UPI,11543.71,2025-10-10
T00992,C1025,20,Female,Sports,Wallet,4215.68,2025-09-20
T00993,C1052,64,Female,Books,UPI,10138.67,2025-07-11
T00994,C1025,40,Male,Sports,UPI,6312.58,2025-06-14
T00995,C1094,63,Female,Groceries,Cash,8606.58,2025-11-02
T00996,C1065,60,Male,Groceries,Wallet,12939.85,2025-05-13
T00997,C1002,64,Female,Sports,UPI,14929.77,2025-06-01
T00998,C1067,62,Female,Clothing,Debit Card,4721.27,2025-06-01
T00999,C1019,35,Male,Clothing,Credit Card,8165.97,2024-12-17
T01000,C1063,55,Male,Sports,Cash,5456.32,2025-06-06
T01001,C1048,52,Male,Books,UPI,4052.77,2025-10-20
T01002,C1011,68,Male,Home Decor,Debit Card,15689.41,2025-06-25
T01003,C1016,32,Male,Clothing,UPI,18194.13,2025-02-27
T01004,C1070,42,Female,Electronics,UPI,7467.62,2025-10-25
T01005,C1032,54,Female,Groceries,Wallet,15050.45,2025-04-10
T01006,C1064,45,Male,Sports,Wallet,17950.21,2025-07-15
T01007,C1021,27,Male,Electronics,Wallet,16937.87,2025-07-05
T01008,C1055,56,Male,Sports,Debit Card,3737.99,2025-01-05
T01009,C1031,34,Female,Toys,UPI,19130.21,2025-08-17
T01010,C1086,56,Male,Groceries,Credit Card,7595.86,2025-06-18
T01011,C1079,39,Female,Groceries,Cash,6850.89,2025-02-21
T01012,C1041,43,Female,Clothing,Wallet,1342.38,2025-09-19
T01013,C1097,61,Female,Clothing,Wallet,9774.86,2025-04-03
T01014,C1055,42,Female,Electronics,UPI,2269.37,2025-06-11
T01015,C1068,34,Male,Toys,UPI,5045.94,2024-11-20
T01016,C1082,30,Female,Sports,Debit Card,6407.16,2024-12-29
T01017,C1085,37,Male,Toys,Debit Card,16195.64,2024-12-31
T01018,C1018,42,Male,Groceries,Wallet,17522.22,2025-06-29
T01019,C1040,21,Female,Electronics,UPI,6119.08,2025-07-02
T01020,C1022,27,Female,Home Decor,Credit Card,17188.09,2025-08-26
T01021,C1034,20,Female,Electronics,Cash,17158.9,2025-01-28
T01022,C1014,58,Male,Books,UPI,15316.55,2025-05-06
T01023,C1090,62,Male,Electronics,UPI,3019.23,2025-02-07
T01024,C1054,35,Female,Toys,Debit Card,13837.42,2025-07-20
T01025,C1010,64,Male,Books,Cash,18905.98,2025-02-14
T01026,C1014,53,Female,Books,Wallet,13682.56,2025-08-06
T01027,C1082,64,Female,Books,UPI,6699.18,2025-05-23
T01028,C1083,39,Female,Home Decor,Wallet,10061.53,2025-04-01
T01029,C1021,51,Male,Electronics,UPI,12949.93,2025-06-02
T01030,C1044,64,Male,Toys,Wallet,10260.35,2025-02-08
T01031,C1007,25,Male,Electronics,Cash,2487.06,2024-12-13
T01032,C1074,57,Female,Home Decor,Debit Card,6310.07,2025-02-08
T01033,C1084,66,Male,Groceries,Cash,16067.68,2025-07-23
T01034,C1074,61,Female,Clothing,Credit Card,17242.22,2024-12-15
T01035,C1070,36,Male,Toys,Debit Card,2832.27,2025-06-13
T01036,C1008,59,Other,Toys,Cash,19052.5,2025-08-12
T01037,C1088,58,Male,Electronics,Credit Card,6643.57,2024-12-27
T01038,C1014,54,Male,Clothing,UPI,13280.04,2024-11-11
T01039,C1069,23,Male,Sports,UPI,15061.32,2025-03-10
T01040,C1058,69,Female,Sports,Wallet,16257.73,2025-06-20
T01041,C1081,43,Female,Home Decor,Debit Card,18920.42,2025-02-17
T01042,C1002,51,Female,Sports,UPI,6327.1,2024-11-20
T01043,C1016,62,Male,Toys,Debit Card,17184.28,2025-01-27
T01044,C1068,23,Male,Sports,UPI,2720.57,2025-04-07
T01045,C1040,54,Female,Groceries,Wallet,14130.31,2025-07-10
T01046,C1018,50,Male,Groceries,Cash,14865.36,2024-11-17
T01047,C1094,39,Male,Groceries,Wallet,13586.69,2025-09-01
T01048,C1076,38,Other,Sports,Credit Card,5121.06,2025-03-05
T01049,C1074,23,Other,Home Decor,UPI,17473.56,2025-09-27
T01050,C1099,23,Female,Books,Credit Card,3460.28,2025-02-09
T01051,C1056,65,Female,Books,Credit Card,1167.33,2025-06-09
T01052,C1049,21,Male,Clothing,Debit Card,14377.55,2025-10-21
T01053,C1063,47,Male,Books,UPI,9561.97,2025-05-26
T01054,C1061,28,Female,Books,Credit Card,16997.05,2025-06-08
T01055,C1040,47,Female,Groceries,Cash,7729.6,2025-04-20
T01056,C1030,48,Male,Groceries,Credit Card,3448.74,2025-09-07
T01057,C1058,41,Male,Sports,Cash,16745.2,2025-08-22
T01058,C1076,26,Male,Clothing,Debit Card,11023.3,2025-07-23
T01059,C1011,20,Female,Electronics,Credit Card,3865.0,2025-04-20
T01060,C1017,68,Female,Toys,Wallet,14435.64,2025-07-02
T01061,C1060,48,Female,Clothing,Debit Card,10271.16,2025-03-30
T01062,C1094,57,Male,Clothing,Cash,12125.83,2025-05-21
T01063,C1027,54,Other,Home Decor,Debit Card,9271.88,2024-11-28
T01064,C1064,53,Female,Sports,Credit Card,16591.31,2025-06-24
T01065,C1050,41,Male,Home Decor,UPI,16608.3,2025-10-28
T01066,C1095,48,Male,Clothing,UPI,14216.84,2025-02-13
T01067,C1017,23,Male,Clothing,Cash,2197.49,2025-09-06
T01068,C1074,19,Male,Clothing,Cash,16793.19,2025-08-09
T01069,C1072,37,Female,Books,UPI,13453.16,2025-08-06
T01070,C1031,45,Male,Toys,Cash,13970.78,2025-06-23
T01071,C1095,28,Female,Toys,Debit Card,7323.36,2024-12-11
T01072,C1081,21,Male,Home Decor,Wallet,17597.66,2025-05-07
T01073,C1090,32,Male,Clothing,Wallet,14534.89,2025-05-20
T01074,C1069,23,Male,Toys,Debit Card,2340.55,2025-01-10
T01075,C1095,66,Male,Groceries,Wallet,8214.78,2025-03-30
T01076,C1055,47,Female,Toys,Credit Card,17738.97,2025-05-19
T01077,C1045,55,Female,Sports,Debit Card,1039.21,2025-10-02
T01078,C1033,68,Female,Sports,Cash,19232.19,2025-02-13
T01079,C1007,19,Female,Toys,Debit Card,13615.34,2025-09-17
T01080,C1042,32,Male,Groceries,UPI,12664.38,2025-10-21
T01081,C1039,28,Male,Sports,Cash,5484.13,2025-04-24
T01082,C1006,25,Male,Books,UPI,5050.96,2025-10-29
T01083,C1027,43,Female,Toys,Cash,18846.96,2025-08-17
T01084,C1042,68,Male,Books,Wallet,6035.62,2025-09-17
T01085,C1048,62,Male,Toys,Debit Card,15532.56,2025-09-29
T01086,C1073,61,Female,Electronics,Credit Card,7923.12,2025-02-06
T01087,C1088,22,Male,Electronics,Cash,2871.16,2025-06-07
T01088,C1022,23,Male,Electronics,Cash,313.23,2025-06-07
T01089,C1060,43,Male,Sports,UPI,10930.72,2024-12-04
T01090,C1043,21,Female,Books,Wallet,19518.0,2025-10-01
T01091,C1062,36,Female,Books,UPI,7445.81,2025-09-28
T01092,C1076,37,Female,Books,UPI,7208.13,2025-01-31
T01093,C1054,50,Male,Groceries,Wallet,6947.42,2025-10-15
T01094,C1022,37,Other,Books,Credit Card,10458.82,2025-03-30
T01095,C1040,66,Female,Groceries,UPI,8869.23,2025-08-14
T01096,C1061,29,Male,Electronics,UPI,17610.3,2025-09-18
T01097,C1012,64,Female,Electronics,Cash,10159.86,2025-06-01
T01098,C1019,18,Male,Sports,Wallet,10204.38,2025-11-09
T01099,C1032,43,Female,Toys,Debit Card,2853.59,2025-05-03
T01100,C1091,31,Female,Electronics,Credit Card,19656.52,2025-08-20
T01101,C1015,55,Male,Toys,Credit Card,5074.46,2025-04-11
T01102,C1032,54,Other,Toys,Wallet,1559.94,2025-03-18
T01103,C1020,28,Female,Sports,Cash,13296.61,2025-06-25
T01104,C1085,53,Female,Clothing,Cash,11947.79,2025-02-27
T01105,C1021,30,Male,Clothing,Wallet,8361.4,2025-03-30
T01106,C1014,60,Male,Home Decor,Cash,8501.63,2025-10-15
T01107,C1008,20,Male,Sports,Credit Card,15722.77,2025-09-27
T01108,C1094,50,Female,Home Decor,Credit Card,3994.68,2025-09-12
T01109,C1003,23,Male,Home Decor,Debit Card,16423.04,2025-09-15
T01110,C1054,67,Female,Clothing,Wallet,13010.07,2025-02-23
T01111,C1007,27,Female,Sports,UPI,8437.5,2024-12-05
T01112,C1079,22,Male,Clothing,UPI,9214.77,2025-07-15
T01113,C1049,40,Female,Home Decor,Debit Card,5207.28,2025-08-17
T01114,C1011,27,Male,Sports,Debit Card,15067.08,2025-04-08
T01115,C1083,61,Other,Home Decor,Cash,10306.21,2025-09-03
T01116,C1093,19,Female,Books,Debit Card,6485.01,2025-02-02
T01117,C1100,30,Male,Toys,Debit Card,11961.4,2025-02-12
T01118,C1061,57,Male,Sports,UPI,19915.12,2024-12-13
T01119,C1039,19,Male,Sports,Cash,8761.72,2025-08-16
T01120,C1066,37,Female,Toys,Debit Card,18421.76,2025-01-24
T01121,C1068,18,Female,Home Decor,Debit Card,6965.84,2025-02-07
T01122,C1062,54,Female,Books,Cash,1189.18,2025-03-04
T01123,C1035,26,Male,Groceries,Wallet,4164.42,2025-06-30
T01124,C1062,34,Male,Toys,Cash,8432.03,2025-10-09
T01125,C1034,26,Male,Clothing,UPI,4470.74,2025-04-05
T01126,C1055,28,Female,Home Decor,Wallet,104.52,2024-12-27
T01127,C1048,32,Female,Toys,Credit Card,18308.53,2025-07-03
T01128,C1005,41,Male,Toys,Cash,16893.2,2025-10-28
T01129,C1039,55,Male,Sports,UPI,14871.62,2025-02-27
T01130,C1067,52,Female,Clothing,Wallet,3439.51,2025-05-15
T01131,C1096,47,Female,Clothing,Cash,2495.24,2025-04-22
T01132,C1032,48,Female,Clothing,Debit Card,1445.33,2025-06-09
T01133,C1056,66,Female,Toys,Cash,14508.18,2025-03-11
T01134,C1004,22,Male,Groceries,Credit Card,18583.28,2025-05-06
T01135,C1028,61,Male,Electronics,Cash,8667.66,2025-10-02
T01136,C1029,67,Female,Home Decor,Wallet,2470.9,2025-01-25
T01137,C1082,31,Female,Electronics,Wallet,10296.62,2024-12-02
T01138,C1064,28,Male,Toys,Cash,7041.75,2025-06-30
T01139,C1063,26,Female,Electronics,Wallet,7559.02,2025-04-26
T01140,C1042,51,Female,Toys,Debit Card,12464.48,2025-11-02
T01141,C1061,29,Female,Electronics,Cash,14402.49,2025-10-08
T01142,C1042,52,Female,Clothing,Debit Card,2301.01,2025-07-26
T01143,C1050,52,Male,Books,Debit Card,808.25,2024-11-27
T01144,C1083,18,Female,Clothing,UPI,19887.17,2025-03-01
T01145,C1072,57,Female,Clothing,Cash,4731.29,2025-04-09
T01146,C1068,39,Female,Sports,Wallet,1171.23,2025-10-27
T01147,C1044,46,Female,Sports,Debit Card,3878.52,2025-05-27
T01148,C1015,25,Female,Electronics,UPI,875.26,2025-03-29
T01149,C1035,28,Male,Toys,Cash,7897.04,2025-06-23
T01150,C1009,58,Female,Clothing,Cash,16067.8,2025-06-12
T01151,C1025,54,Female,Electronics,Credit Card,6890.76,2025-10-22
T01152,C1035,31,Female,Sports,Credit Card,8939.25,2025-11-11
T01153,C1024,47,Female,Books,Debit Card,13544.18,2025-05-06
T01154,C1038,52,Female,Home Decor,Credit Card,10226.99,2024-12-31
T01155,C1070,38,Male,Electronics,Debit Card,17242.77,2024-11-26
T01156,C1092,54,Female,Books,Wallet,17334.11,2025-02-14
T01157,C1031,22,Male,Home Decor,Debit Card,297.22,2025-09-29
T01158,C1087,36,Male,Groceries,Credit Card,15583.12,2025-03-16
T01159,C1016,31,Female,Electronics,Wallet,9268.6,2024-12-05
T01160,C1077,43,Female,Electronics,Credit Card,19777.93,2025-02-06
T01161,C1011,21,Male,Groceries,Debit Card,9716.32,2025-11-01
T01162,C1004,42,Male,Groceries,UPI,19739.23,2025-05-28
T01163,C1022,62,Female,Electronics,Cash,15115.93,2025-09-26
T01164,C1014,59,Male,Groceries,Credit Card,5047.24,2025-09-24
T01165,C1016,42,Male,Clothing,Debit Card,10814.06,2025-07-31
T01166,C1046,35,Male,Home Decor,Wallet,19843.5,2025-03-02
T01167,C1003,57,Male,Home Decor,Credit Card,17164.86,2025-05-05
T01168,C1077,25,Male,Home Decor,Credit Card,2037.6,2025-11-01
T01169,C1007,56,Male,Clothing,Cash,14156.8,2025-06-22
T01170,C1011,57,Male,Toys,Debit Card,6977.03,2025-01-03
T01171,C1036,31,Female,Groceries,UPI,238.95,2025-05-29
T01172,C1002,49,Female,Books,Wallet,8129.27,2025-03-14
T01173,C1089,68,Female,Groceries,Debit Card,4771.61,2025-02-25
T01174,C1014,55,Male,Electronics,Wallet,16395.5,2025-03-09
T01175,C1025,50,Male,Sports,Credit Card,6812.88,2025-08-19
T01176,C1075,40,Female,Home Decor,Cash,16567.72,2024-12-17
T01177,C1040,32,Male,Groceries,Cash,111.9,2025-06-09
T01178,C1022,50,Female,Books,UPI,6225.6,2025-03-05
T01179,C1097,42,Female,Electronics,Cash,4899.19,2025-05-29
T01180,C1027,34,Female,Clothing,Credit Card,4747.99,2025-05-31
T01181,C1030,50,Male,Toys,UPI,1456.91,2025-04-26
T01182,C1084,64,Male,Clothing,Debit Card,3823.77,2025-02-27
T01183,C1073,19,Female,Books,Cash,11155.44,2025-10-30
T01184,C1031,31,Male,Electronics,UPI,5898.09,2025-09-17
T01185,C1087,57,Female,Home Decor,Credit Card,8406.16,2024-11-29
T01186,C1014,57,Female,Groceries,Wallet,7599.65,2025-03-18
T01187,C1033,68,Other,Electronics,Wallet,17530.51,2025-05-29
T01188,C1044,56,Male,Toys,Credit Card,18115.45,2025-07-17
T01189,C1073,68,Female,Clothing,Credit Card,9909.84,2025-01-29
T01190,C1043,23,Female,Toys,Wallet,6670.1,2025-10-11
T01191,C1037,23,Male,Toys,UPI,2225.33,2025-02-27
T01192,C1040,20,Male,Books,Wallet,19072.72,2025-09-25
T01193,C1020,24,Female,Books,Credit Card,1298.52,2025-03-29
T01194,C1048,68,Male,Groceries,Cash,6023.24,2025-11-08
T01195,C1040,25,Male,Books,Debit Card,6031.52,2024-11-19
T01196,C1053,59,Male,Books,Cash,6475.99,2025-08-21
T01197,C1001,69,Female,Electronics,Cash,3369.31,2024-12-07
T01198,C1094,32,Female,Home Decor,Credit Card,15684.91,2025-07-11
T01199,C1086,64,Female,Groceries,Wallet,2537.71,2025-06-17
T01200,C1041,46,Male,Electronics,UPI,12734.64,2025-06-27
